{
    "overview": {},
    "degreelevel": {},
    "majorlevel": {
        "overall": {
            "TotalGraduates": 7000,
            "MaleGraduates": 3850,
            "FemaleGraduates": 3150,
            "StudyPrograms": 3,
            "MostPopularMajor": "Computer Science",
            "LeastPopularMajor": "Computer Science",
            "TopPayingMajor": "Health Sciences",
            "PerformanceComparison": {
                "Business and Management": {
                    "EmploymentRate": 84,
                    "AverageSalary": 4888,
                    "AverageWaitingTime": "10 months"
                },
                "Engineering": {
                    "EmploymentRate": 77,
                    "AverageSalary": 8993,
                    "AverageWaitingTime": "7 months"
                },
                "Computer Science": {
                    "EmploymentRate": 70,
                    "AverageSalary": 7343,
                    "AverageWaitingTime": "11 months"
                },
                "Health Sciences": {
                    "EmploymentRate": 95,
                    "AverageSalary": 7978,
                    "AverageWaitingTime": "6 months"
                },
                "Arts and Humanities": {
                    "EmploymentRate": 93,
                    "AverageSalary": 10477,
                    "AverageWaitingTime": "10 months"
                }
            },
            "AverageSalary": {
                "Business and Management": 10946,
                "Engineering": 8074,
                "Computer Science": 9505,
                "Health Sciences": 6294,
                "Arts and Humanities": 10763
            },
            "WaitingTime": {
                "Business and Management": "1 months",
                "Engineering": "12 months",
                "Computer Science": "11 months",
                "Health Sciences": "12 months",
                "Arts and Humanities": "3 months"
            },
            "Top10Paying": {
                "Business and Management": 11591,
                "Engineering": 8792,
                "Computer Science": 7901,
                "Health Sciences": 10988,
                "Arts and Humanities": 10021
            },
            "EmploymentDistribution": {},
            "TopISCOOccupations": {
                "Business and Management": 78,
                "Engineering": 15,
                "Computer Science": 37,
                "Health Sciences": 68,
                "Arts and Humanities": 32
            },
            "TopGOSIOccupations": {
                "Business and Management": 98,
                "Engineering": 48,
                "Computer Science": 72,
                "Health Sciences": 61,
                "Arts and Humanities": 15
            },
            "GraduateDistribution": {
                "Business and Management": 192,
                "Engineering": 183,
                "Computer Science": 180,
                "Health Sciences": 22,
                "Arts and Humanities": 75
            }
        },
        "Business and Management": {
            "overall": {
                "TotalGraduates": 1377,
                "MaleGraduates": 757,
                "FemaleGraduates": 619,
                "StudyPrograms": 9,
                "MostPopularMajor": "Marketing",
                "LeastPopularMajor": "Marketing",
                "TopPayingMajor": "Management",
                "PerformanceComparison": {
                    "Finance": {
                        "EmploymentRate": 60,
                        "AverageSalary": 9432,
                        "AverageWaitingTime": "8 months"
                    },
                    "Marketing": {
                        "EmploymentRate": 91,
                        "AverageSalary": 10797,
                        "AverageWaitingTime": "10 months"
                    },
                    "Management": {
                        "EmploymentRate": 68,
                        "AverageSalary": 7254,
                        "AverageWaitingTime": "11 months"
                    }
                },
                "AverageSalary": {
                    "Finance": 11089,
                    "Marketing": 8510,
                    "Management": 10750
                },
                "WaitingTime": {
                    "Finance": "7 months",
                    "Marketing": "11 months",
                    "Management": "10 months"
                },
                "Top10Paying": {
                    "Finance": 13071,
                    "Marketing": 10301,
                    "Management": 13785
                },
                "EmploymentDistribution": {},
                "TopISCOOccupations": {
                    "Finance": 33,
                    "Marketing": 47,
                    "Management": 87
                },
                "TopGOSIOccupations": {
                    "Finance": 40,
                    "Marketing": 32,
                    "Management": 70
                },
                "GraduateDistribution": {
                    "Finance": 40,
                    "Marketing": 107,
                    "Management": 53
                }
            },
            "Finance": {
                "overall": {
                    "TotalGraduates": 700,
                    "MaleGraduates": 385,
                    "FemaleGraduates": 315,
                    "StudyPrograms": 3,
                    "MostPopularMajor": "Corporate Finance",
                    "LeastPopularMajor": "Corporate Finance",
                    "TopPayingMajor": "Corporate Finance",
                    "PerformanceComparison": {
                        "Corporate Finance": {
                            "EmploymentRate": 91,
                            "AverageSalary": 6420,
                            "AverageWaitingTime": "7 months"
                        },
                        "Investment Banking": {
                            "EmploymentRate": 85,
                            "AverageSalary": 10710,
                            "AverageWaitingTime": "8 months"
                        },
                        "Financial Analysis": {
                            "EmploymentRate": 66,
                            "AverageSalary": 5711,
                            "AverageWaitingTime": "4 months"
                        }
                    },
                    "AverageSalary": {
                        "Corporate Finance": 5058,
                        "Investment Banking": 6963,
                        "Financial Analysis": 8938
                    },
                    "WaitingTime": {
                        "Corporate Finance": "8 months",
                        "Investment Banking": "2 months",
                        "Financial Analysis": "6 months"
                    },
                    "Top10Paying": {
                        "Corporate Finance": 14405,
                        "Investment Banking": 10104,
                        "Financial Analysis": 9565
                    },
                    "EmploymentDistribution": {},
                    "TopISCOOccupations": {
                        "Corporate Finance": 10,
                        "Investment Banking": 38,
                        "Financial Analysis": 12
                    },
                    "TopGOSIOccupations": {
                        "Corporate Finance": 38,
                        "Investment Banking": 67,
                        "Financial Analysis": 20
                    },
                    "GraduateDistribution": {
                        "Corporate Finance": 154,
                        "Investment Banking": 61,
                        "Financial Analysis": 91
                    }
                },
                "Corporate Finance": {
                    "TotalGraduates": 95,
                    "MaleGraduates": 52,
                    "FemaleGraduates": 42,
                    "StudyPrograms": 13,
                    "MostPopularMajor": "",
                    "LeastPopularMajor": "",
                    "TopPayingMajor": "",
                    "PerformanceComparison": {},
                    "AverageSalary": {},
                    "WaitingTime": {},
                    "Top10Paying": {},
                    "EmploymentDistribution": {},
                    "TopISCOOccupations": {},
                    "TopGOSIOccupations": {},
                    "GraduateDistribution": {}
                },
                "Investment Banking": {
                    "TotalGraduates": 75,
                    "MaleGraduates": 41,
                    "FemaleGraduates": 33,
                    "StudyPrograms": 7,
                    "MostPopularMajor": "",
                    "LeastPopularMajor": "",
                    "TopPayingMajor": "",
                    "PerformanceComparison": {},
                    "AverageSalary": {},
                    "WaitingTime": {},
                    "Top10Paying": {},
                    "EmploymentDistribution": {},
                    "TopISCOOccupations": {},
                    "TopGOSIOccupations": {},
                    "GraduateDistribution": {}
                },
                "Financial Analysis": {
                    "TotalGraduates": 130,
                    "MaleGraduates": 71,
                    "FemaleGraduates": 58,
                    "StudyPrograms": 10,
                    "MostPopularMajor": "",
                    "LeastPopularMajor": "",
                    "TopPayingMajor": "",
                    "PerformanceComparison": {},
                    "AverageSalary": {},
                    "WaitingTime": {},
                    "Top10Paying": {},
                    "EmploymentDistribution": {},
                    "TopISCOOccupations": {},
                    "TopGOSIOccupations": {},
                    "GraduateDistribution": {}
                }
            },
            "Marketing": {
                "overall": {
                    "TotalGraduates": 245,
                    "MaleGraduates": 134,
                    "FemaleGraduates": 110,
                    "StudyPrograms": 9,
                    "MostPopularMajor": "Brand Management",
                    "LeastPopularMajor": "Market Research",
                    "TopPayingMajor": "Market Research",
                    "PerformanceComparison": {
                        "Digital Marketing": {
                            "EmploymentRate": 64,
                            "AverageSalary": 7339,
                            "AverageWaitingTime": "7 months"
                        },
                        "Brand Management": {
                            "EmploymentRate": 91,
                            "AverageSalary": 9828,
                            "AverageWaitingTime": "6 months"
                        },
                        "Market Research": {
                            "EmploymentRate": 76,
                            "AverageSalary": 6113,
                            "AverageWaitingTime": "12 months"
                        }
                    },
                    "AverageSalary": {
                        "Digital Marketing": 7133,
                        "Brand Management": 6404,
                        "Market Research": 9703
                    },
                    "WaitingTime": {
                        "Digital Marketing": "12 months",
                        "Brand Management": "2 months",
                        "Market Research": "12 months"
                    },
                    "Top10Paying": {
                        "Digital Marketing": 6185,
                        "Brand Management": 11190,
                        "Market Research": 8415
                    },
                    "EmploymentDistribution": {},
                    "TopISCOOccupations": {
                        "Digital Marketing": 19,
                        "Brand Management": 43,
                        "Market Research": 29
                    },
                    "TopGOSIOccupations": {
                        "Digital Marketing": 98,
                        "Brand Management": 64,
                        "Market Research": 15
                    },
                    "GraduateDistribution": {
                        "Digital Marketing": 142,
                        "Brand Management": 51,
                        "Market Research": 130
                    }
                },
                "Digital Marketing": {
                    "TotalGraduates": 132,
                    "MaleGraduates": 72,
                    "FemaleGraduates": 59,
                    "StudyPrograms": 7,
                    "MostPopularMajor": "",
                    "LeastPopularMajor": "",
                    "TopPayingMajor": "",
                    "PerformanceComparison": {},
                    "AverageSalary": {},
                    "WaitingTime": {},
                    "Top10Paying": {},
                    "EmploymentDistribution": {},
                    "TopISCOOccupations": {},
                    "TopGOSIOccupations": {},
                    "GraduateDistribution": {}
                },
                "Brand Management": {
                    "TotalGraduates": 129,
                    "MaleGraduates": 70,
                    "FemaleGraduates": 58,
                    "StudyPrograms": 14,
                    "MostPopularMajor": "",
                    "LeastPopularMajor": "",
                    "TopPayingMajor": "",
                    "PerformanceComparison": {},
                    "AverageSalary": {},
                    "WaitingTime": {},
                    "Top10Paying": {},
                    "EmploymentDistribution": {},
                    "TopISCOOccupations": {},
                    "TopGOSIOccupations": {},
                    "GraduateDistribution": {}
                },
                "Market Research": {
                    "TotalGraduates": 117,
                    "MaleGraduates": 64,
                    "FemaleGraduates": 52,
                    "StudyPrograms": 12,
                    "MostPopularMajor": "",
                    "LeastPopularMajor": "",
                    "TopPayingMajor": "",
                    "PerformanceComparison": {},
                    "AverageSalary": {},
                    "WaitingTime": {},
                    "Top10Paying": {},
                    "EmploymentDistribution": {},
                    "TopISCOOccupations": {},
                    "TopGOSIOccupations": {},
                    "GraduateDistribution": {}
                }
            },
            "Management": {
                "overall": {
                    "TotalGraduates": 334,
                    "MaleGraduates": 183,
                    "FemaleGraduates": 150,
                    "StudyPrograms": 4,
                    "MostPopularMajor": "",
                    "LeastPopularMajor": "",
                    "TopPayingMajor": "",
                    "PerformanceComparison": {},
                    "AverageSalary": {},
                    "WaitingTime": {},
                    "Top10Paying": {},
                    "EmploymentDistribution": {},
                    "TopISCOOccupations": {},
                    "TopGOSIOccupations": {},
                    "GraduateDistribution": {}
                }
            }
        },
        "Engineering": {
            "overall": {
                "TotalGraduates": 2931,
                "MaleGraduates": 1612,
                "FemaleGraduates": 1318,
                "StudyPrograms": 3,
                "MostPopularMajor": "Civil",
                "LeastPopularMajor": "Electrical",
                "TopPayingMajor": "Mechanical",
                "PerformanceComparison": {
                    "Mechanical": {
                        "EmploymentRate": 95,
                        "AverageSalary": 11563,
                        "AverageWaitingTime": "11 months"
                    },
                    "Electrical": {
                        "EmploymentRate": 95,
                        "AverageSalary": 9758,
                        "AverageWaitingTime": "12 months"
                    },
                    "Civil": {
                        "EmploymentRate": 89,
                        "AverageSalary": 11296,
                        "AverageWaitingTime": "6 months"
                    }
                },
                "AverageSalary": {
                    "Mechanical": 11790,
                    "Electrical": 4388,
                    "Civil": 10391
                },
                "WaitingTime": {
                    "Mechanical": "2 months",
                    "Electrical": "8 months",
                    "Civil": "2 months"
                },
                "Top10Paying": {
                    "Mechanical": 11731,
                    "Electrical": 8602,
                    "Civil": 10705
                },
                "EmploymentDistribution": {},
                "TopISCOOccupations": {
                    "Mechanical": 94,
                    "Electrical": 26,
                    "Civil": 75
                },
                "TopGOSIOccupations": {
                    "Mechanical": 84,
                    "Electrical": 24,
                    "Civil": 51
                },
                "GraduateDistribution": {
                    "Mechanical": 56,
                    "Electrical": 196,
                    "Civil": 85
                }
            },
            "Mechanical": {
                "overall": {
                    "TotalGraduates": 212,
                    "MaleGraduates": 116,
                    "FemaleGraduates": 95,
                    "StudyPrograms": 7,
                    "MostPopularMajor": "Aerospace",
                    "LeastPopularMajor": "Aerospace",
                    "TopPayingMajor": "Aerospace",
                    "PerformanceComparison": {
                        "Automotive": {
                            "EmploymentRate": 80,
                            "AverageSalary": 5284,
                            "AverageWaitingTime": "11 months"
                        },
                        "Aerospace": {
                            "EmploymentRate": 89,
                            "AverageSalary": 4977,
                            "AverageWaitingTime": "1 months"
                        },
                        "Manufacturing": {
                            "EmploymentRate": 71,
                            "AverageSalary": 7467,
                            "AverageWaitingTime": "5 months"
                        }
                    },
                    "AverageSalary": {
                        "Automotive": 6988,
                        "Aerospace": 6759,
                        "Manufacturing": 6936
                    },
                    "WaitingTime": {
                        "Automotive": "4 months",
                        "Aerospace": "1 months",
                        "Manufacturing": "7 months"
                    },
                    "Top10Paying": {
                        "Automotive": 6185,
                        "Aerospace": 7982,
                        "Manufacturing": 14197
                    },
                    "EmploymentDistribution": {},
                    "TopISCOOccupations": {
                        "Automotive": 26,
                        "Aerospace": 24,
                        "Manufacturing": 38
                    },
                    "TopGOSIOccupations": {
                        "Automotive": 96,
                        "Aerospace": 88,
                        "Manufacturing": 52
                    },
                    "GraduateDistribution": {
                        "Automotive": 171,
                        "Aerospace": 80,
                        "Manufacturing": 102
                    }
                },
                "Automotive": {
                    "TotalGraduates": 107,
                    "MaleGraduates": 58,
                    "FemaleGraduates": 48,
                    "StudyPrograms": 14,
                    "MostPopularMajor": "",
                    "LeastPopularMajor": "",
                    "TopPayingMajor": "",
                    "PerformanceComparison": {},
                    "AverageSalary": {},
                    "WaitingTime": {},
                    "Top10Paying": {},
                    "EmploymentDistribution": {},
                    "TopISCOOccupations": {},
                    "TopGOSIOccupations": {},
                    "GraduateDistribution": {}
                },
                "Aerospace": {
                    "TotalGraduates": 83,
                    "MaleGraduates": 45,
                    "FemaleGraduates": 37,
                    "StudyPrograms": 15,
                    "MostPopularMajor": "",
                    "LeastPopularMajor": "",
                    "TopPayingMajor": "",
                    "PerformanceComparison": {},
                    "AverageSalary": {},
                    "WaitingTime": {},
                    "Top10Paying": {},
                    "EmploymentDistribution": {},
                    "TopISCOOccupations": {},
                    "TopGOSIOccupations": {},
                    "GraduateDistribution": {}
                },
                "Manufacturing": {
                    "TotalGraduates": 110,
                    "MaleGraduates": 60,
                    "FemaleGraduates": 49,
                    "StudyPrograms": 10,
                    "MostPopularMajor": "",
                    "LeastPopularMajor": "",
                    "TopPayingMajor": "",
                    "PerformanceComparison": {},
                    "AverageSalary": {},
                    "WaitingTime": {},
                    "Top10Paying": {},
                    "EmploymentDistribution": {},
                    "TopISCOOccupations": {},
                    "TopGOSIOccupations": {},
                    "GraduateDistribution": {}
                }
            },
            "Electrical": {
                "overall": {
                    "TotalGraduates": 343,
                    "MaleGraduates": 188,
                    "FemaleGraduates": 154,
                    "StudyPrograms": 6,
                    "MostPopularMajor": "",
                    "LeastPopularMajor": "",
                    "TopPayingMajor": "",
                    "PerformanceComparison": {},
                    "AverageSalary": {},
                    "WaitingTime": {},
                    "Top10Paying": {},
                    "EmploymentDistribution": {},
                    "TopISCOOccupations": {},
                    "TopGOSIOccupations": {},
                    "GraduateDistribution": {}
                }
            },
            "Civil": {
                "overall": {
                    "TotalGraduates": 681,
                    "MaleGraduates": 374,
                    "FemaleGraduates": 306,
                    "StudyPrograms": 3,
                    "MostPopularMajor": "",
                    "LeastPopularMajor": "",
                    "TopPayingMajor": "",
                    "PerformanceComparison": {},
                    "AverageSalary": {},
                    "WaitingTime": {},
                    "Top10Paying": {},
                    "EmploymentDistribution": {},
                    "TopISCOOccupations": {},
                    "TopGOSIOccupations": {},
                    "GraduateDistribution": {}
                }
            }
        },
        "Computer Science": {
            "overall": {
                "TotalGraduates": 1704,
                "MaleGraduates": 937,
                "FemaleGraduates": 766,
                "StudyPrograms": 3,
                "MostPopularMajor": "Cybersecurity",
                "LeastPopularMajor": "Software Engineering",
                "TopPayingMajor": "Cybersecurity",
                "PerformanceComparison": {
                    "Software Engineering": {
                        "EmploymentRate": 93,
                        "AverageSalary": 9700,
                        "AverageWaitingTime": "4 months"
                    },
                    "Data Science": {
                        "EmploymentRate": 85,
                        "AverageSalary": 10004,
                        "AverageWaitingTime": "2 months"
                    },
                    "Cybersecurity": {
                        "EmploymentRate": 87,
                        "AverageSalary": 11330,
                        "AverageWaitingTime": "12 months"
                    }
                },
                "AverageSalary": {
                    "Software Engineering": 11492,
                    "Data Science": 9108,
                    "Cybersecurity": 10928
                },
                "WaitingTime": {
                    "Software Engineering": "5 months",
                    "Data Science": "6 months",
                    "Cybersecurity": "4 months"
                },
                "Top10Paying": {
                    "Software Engineering": 8969,
                    "Data Science": 9882,
                    "Cybersecurity": 10574
                },
                "EmploymentDistribution": {},
                "TopISCOOccupations": {
                    "Software Engineering": 75,
                    "Data Science": 44,
                    "Cybersecurity": 88
                },
                "TopGOSIOccupations": {
                    "Software Engineering": 59,
                    "Data Science": 85,
                    "Cybersecurity": 25
                },
                "GraduateDistribution": {
                    "Software Engineering": 65,
                    "Data Science": 81,
                    "Cybersecurity": 189
                }
            },
            "Software Engineering": {
                "overall": {
                    "TotalGraduates": 609,
                    "MaleGraduates": 334,
                    "FemaleGraduates": 274,
                    "StudyPrograms": 10,
                    "MostPopularMajor": "Cloud Computing",
                    "LeastPopularMajor": "Mobile Development",
                    "TopPayingMajor": "Web Development",
                    "PerformanceComparison": {
                        "Web Development": {
                            "EmploymentRate": 80,
                            "AverageSalary": 7595,
                            "AverageWaitingTime": "7 months"
                        },
                        "Mobile Development": {
                            "EmploymentRate": 70,
                            "AverageSalary": 4243,
                            "AverageWaitingTime": "3 months"
                        },
                        "Cloud Computing": {
                            "EmploymentRate": 75,
                            "AverageSalary": 8938,
                            "AverageWaitingTime": "1 months"
                        }
                    },
                    "AverageSalary": {
                        "Web Development": 5405,
                        "Mobile Development": 9152,
                        "Cloud Computing": 10761
                    },
                    "WaitingTime": {
                        "Web Development": "12 months",
                        "Mobile Development": "9 months",
                        "Cloud Computing": "1 months"
                    },
                    "Top10Paying": {
                        "Web Development": 9062,
                        "Mobile Development": 6889,
                        "Cloud Computing": 13008
                    },
                    "EmploymentDistribution": {},
                    "TopISCOOccupations": {
                        "Web Development": 42,
                        "Mobile Development": 45,
                        "Cloud Computing": 98
                    },
                    "TopGOSIOccupations": {
                        "Web Development": 58,
                        "Mobile Development": 58,
                        "Cloud Computing": 56
                    },
                    "GraduateDistribution": {
                        "Web Development": 27,
                        "Mobile Development": 60,
                        "Cloud Computing": 45
                    }
                },
                "Web Development": {
                    "TotalGraduates": 50,
                    "MaleGraduates": 27,
                    "FemaleGraduates": 22,
                    "StudyPrograms": 12,
                    "MostPopularMajor": "",
                    "LeastPopularMajor": "",
                    "TopPayingMajor": "",
                    "PerformanceComparison": {},
                    "AverageSalary": {},
                    "WaitingTime": {},
                    "Top10Paying": {},
                    "EmploymentDistribution": {},
                    "TopISCOOccupations": {},
                    "TopGOSIOccupations": {},
                    "GraduateDistribution": {}
                },
                "Mobile Development": {
                    "TotalGraduates": 122,
                    "MaleGraduates": 67,
                    "FemaleGraduates": 54,
                    "StudyPrograms": 8,
                    "MostPopularMajor": "",
                    "LeastPopularMajor": "",
                    "TopPayingMajor": "",
                    "PerformanceComparison": {},
                    "AverageSalary": {},
                    "WaitingTime": {},
                    "Top10Paying": {},
                    "EmploymentDistribution": {},
                    "TopISCOOccupations": {},
                    "TopGOSIOccupations": {},
                    "GraduateDistribution": {}
                },
                "Cloud Computing": {
                    "TotalGraduates": 89,
                    "MaleGraduates": 48,
                    "FemaleGraduates": 40,
                    "StudyPrograms": 5,
                    "MostPopularMajor": "",
                    "LeastPopularMajor": "",
                    "TopPayingMajor": "",
                    "PerformanceComparison": {},
                    "AverageSalary": {},
                    "WaitingTime": {},
                    "Top10Paying": {},
                    "EmploymentDistribution": {},
                    "TopISCOOccupations": {},
                    "TopGOSIOccupations": {},
                    "GraduateDistribution": {}
                }
            },
            "Data Science": {
                "overall": {
                    "TotalGraduates": 562,
                    "MaleGraduates": 309,
                    "FemaleGraduates": 252,
                    "StudyPrograms": 13,
                    "MostPopularMajor": "",
                    "LeastPopularMajor": "",
                    "TopPayingMajor": "",
                    "PerformanceComparison": {},
                    "AverageSalary": {},
                    "WaitingTime": {},
                    "Top10Paying": {},
                    "EmploymentDistribution": {},
                    "TopISCOOccupations": {},
                    "TopGOSIOccupations": {},
                    "GraduateDistribution": {}
                }
            },
            "Cybersecurity": {
                "overall": {
                    "TotalGraduates": 380,
                    "MaleGraduates": 209,
                    "FemaleGraduates": 171,
                    "StudyPrograms": 10,
                    "MostPopularMajor": "",
                    "LeastPopularMajor": "",
                    "TopPayingMajor": "",
                    "PerformanceComparison": {},
                    "AverageSalary": {},
                    "WaitingTime": {},
                    "Top10Paying": {},
                    "EmploymentDistribution": {},
                    "TopISCOOccupations": {},
                    "TopGOSIOccupations": {},
                    "GraduateDistribution": {}
                }
            }
        },
        "Health Sciences": {
            "overall": {
                "TotalGraduates": 2311,
                "MaleGraduates": 1271,
                "FemaleGraduates": 1039,
                "StudyPrograms": 14,
                "MostPopularMajor": "Public Health",
                "LeastPopularMajor": "Pharmacy",
                "TopPayingMajor": "Nursing",
                "PerformanceComparison": {
                    "Nursing": {
                        "EmploymentRate": 64,
                        "AverageSalary": 8113,
                        "AverageWaitingTime": "3 months"
                    },
                    "Pharmacy": {
                        "EmploymentRate": 93,
                        "AverageSalary": 10452,
                        "AverageWaitingTime": "8 months"
                    },
                    "Public Health": {
                        "EmploymentRate": 86,
                        "AverageSalary": 4273,
                        "AverageWaitingTime": "5 months"
                    }
                },
                "AverageSalary": {
                    "Nursing": 11702,
                    "Pharmacy": 4495,
                    "Public Health": 6846
                },
                "WaitingTime": {
                    "Nursing": "9 months",
                    "Pharmacy": "7 months",
                    "Public Health": "5 months"
                },
                "Top10Paying": {
                    "Nursing": 13420,
                    "Pharmacy": 11521,
                    "Public Health": 14751
                },
                "EmploymentDistribution": {},
                "TopISCOOccupations": {
                    "Nursing": 88,
                    "Pharmacy": 100,
                    "Public Health": 43
                },
                "TopGOSIOccupations": {
                    "Nursing": 48,
                    "Pharmacy": 74,
                    "Public Health": 92
                },
                "GraduateDistribution": {
                    "Nursing": 26,
                    "Pharmacy": 80,
                    "Public Health": 167
                }
            },
            "Nursing": {
                "overall": {
                    "TotalGraduates": 558,
                    "MaleGraduates": 306,
                    "FemaleGraduates": 251,
                    "StudyPrograms": 5,
                    "MostPopularMajor": "",
                    "LeastPopularMajor": "",
                    "TopPayingMajor": "",
                    "PerformanceComparison": {},
                    "AverageSalary": {},
                    "WaitingTime": {},
                    "Top10Paying": {},
                    "EmploymentDistribution": {},
                    "TopISCOOccupations": {},
                    "TopGOSIOccupations": {},
                    "GraduateDistribution": {}
                }
            },
            "Pharmacy": {
                "overall": {
                    "TotalGraduates": 246,
                    "MaleGraduates": 135,
                    "FemaleGraduates": 110,
                    "StudyPrograms": 9,
                    "MostPopularMajor": "",
                    "LeastPopularMajor": "",
                    "TopPayingMajor": "",
                    "PerformanceComparison": {},
                    "AverageSalary": {},
                    "WaitingTime": {},
                    "Top10Paying": {},
                    "EmploymentDistribution": {},
                    "TopISCOOccupations": {},
                    "TopGOSIOccupations": {},
                    "GraduateDistribution": {}
                }
            },
            "Public Health": {
                "overall": {
                    "TotalGraduates": 371,
                    "MaleGraduates": 204,
                    "FemaleGraduates": 166,
                    "StudyPrograms": 7,
                    "MostPopularMajor": "",
                    "LeastPopularMajor": "",
                    "TopPayingMajor": "",
                    "PerformanceComparison": {},
                    "AverageSalary": {},
                    "WaitingTime": {},
                    "Top10Paying": {},
                    "EmploymentDistribution": {},
                    "TopISCOOccupations": {},
                    "TopGOSIOccupations": {},
                    "GraduateDistribution": {}
                }
            }
        },
        "Arts and Humanities": {
            "overall": {
                "TotalGraduates": 1801,
                "MaleGraduates": 990,
                "FemaleGraduates": 810,
                "StudyPrograms": 12,
                "MostPopularMajor": "History",
                "LeastPopularMajor": "History",
                "TopPayingMajor": "History",
                "PerformanceComparison": {
                    "Literature": {
                        "EmploymentRate": 77,
                        "AverageSalary": 9217,
                        "AverageWaitingTime": "7 months"
                    },
                    "History": {
                        "EmploymentRate": 65,
                        "AverageSalary": 4357,
                        "AverageWaitingTime": "5 months"
                    },
                    "Philosophy": {
                        "EmploymentRate": 90,
                        "AverageSalary": 5484,
                        "AverageWaitingTime": "12 months"
                    }
                },
                "AverageSalary": {
                    "Literature": 11096,
                    "History": 4195,
                    "Philosophy": 6917
                },
                "WaitingTime": {
                    "Literature": "4 months",
                    "History": "10 months",
                    "Philosophy": "10 months"
                },
                "Top10Paying": {
                    "Literature": 9094,
                    "History": 7416,
                    "Philosophy": 8045
                },
                "EmploymentDistribution": {},
                "TopISCOOccupations": {
                    "Literature": 12,
                    "History": 56,
                    "Philosophy": 13
                },
                "TopGOSIOccupations": {
                    "Literature": 15,
                    "History": 77,
                    "Philosophy": 86
                },
                "GraduateDistribution": {
                    "Literature": 181,
                    "History": 138,
                    "Philosophy": 42
                }
            },
            "Literature": {
                "overall": {
                    "TotalGraduates": 340,
                    "MaleGraduates": 187,
                    "FemaleGraduates": 153,
                    "StudyPrograms": 5,
                    "MostPopularMajor": "English Literature",
                    "LeastPopularMajor": "English Literature",
                    "TopPayingMajor": "Comparative Literature",
                    "PerformanceComparison": {
                        "English Literature": {
                            "EmploymentRate": 82,
                            "AverageSalary": 7287,
                            "AverageWaitingTime": "1 months"
                        },
                        "Comparative Literature": {
                            "EmploymentRate": 74,
                            "AverageSalary": 4850,
                            "AverageWaitingTime": "7 months"
                        },
                        "Creative Writing": {
                            "EmploymentRate": 60,
                            "AverageSalary": 10047,
                            "AverageWaitingTime": "4 months"
                        }
                    },
                    "AverageSalary": {
                        "English Literature": 4748,
                        "Comparative Literature": 11084,
                        "Creative Writing": 7381
                    },
                    "WaitingTime": {
                        "English Literature": "5 months",
                        "Comparative Literature": "5 months",
                        "Creative Writing": "10 months"
                    },
                    "Top10Paying": {
                        "English Literature": 10931,
                        "Comparative Literature": 14511,
                        "Creative Writing": 11543
                    },
                    "EmploymentDistribution": {},
                    "TopISCOOccupations": {
                        "English Literature": 35,
                        "Comparative Literature": 40,
                        "Creative Writing": 48
                    },
                    "TopGOSIOccupations": {
                        "English Literature": 61,
                        "Comparative Literature": 81,
                        "Creative Writing": 52
                    },
                    "GraduateDistribution": {
                        "English Literature": 195,
                        "Comparative Literature": 105,
                        "Creative Writing": 189
                    }
                },
                "English Literature": {
                    "TotalGraduates": 52,
                    "MaleGraduates": 28,
                    "FemaleGraduates": 23,
                    "StudyPrograms": 6,
                    "MostPopularMajor": "",
                    "LeastPopularMajor": "",
                    "TopPayingMajor": "",
                    "PerformanceComparison": {},
                    "AverageSalary": {},
                    "WaitingTime": {},
                    "Top10Paying": {},
                    "EmploymentDistribution": {},
                    "TopISCOOccupations": {},
                    "TopGOSIOccupations": {},
                    "GraduateDistribution": {}
                },
                "Comparative Literature": {
                    "TotalGraduates": 136,
                    "MaleGraduates": 74,
                    "FemaleGraduates": 61,
                    "StudyPrograms": 3,
                    "MostPopularMajor": "",
                    "LeastPopularMajor": "",
                    "TopPayingMajor": "",
                    "PerformanceComparison": {},
                    "AverageSalary": {},
                    "WaitingTime": {},
                    "Top10Paying": {},
                    "EmploymentDistribution": {},
                    "TopISCOOccupations": {},
                    "TopGOSIOccupations": {},
                    "GraduateDistribution": {}
                },
                "Creative Writing": {
                    "TotalGraduates": 148,
                    "MaleGraduates": 81,
                    "FemaleGraduates": 66,
                    "StudyPrograms": 12,
                    "MostPopularMajor": "",
                    "LeastPopularMajor": "",
                    "TopPayingMajor": "",
                    "PerformanceComparison": {},
                    "AverageSalary": {},
                    "WaitingTime": {},
                    "Top10Paying": {},
                    "EmploymentDistribution": {},
                    "TopISCOOccupations": {},
                    "TopGOSIOccupations": {},
                    "GraduateDistribution": {}
                }
            },
            "History": {
                "overall": {
                    "TotalGraduates": 345,
                    "MaleGraduates": 189,
                    "FemaleGraduates": 155,
                    "StudyPrograms": 6,
                    "MostPopularMajor": "",
                    "LeastPopularMajor": "",
                    "TopPayingMajor": "",
                    "PerformanceComparison": {},
                    "AverageSalary": {},
                    "WaitingTime": {},
                    "Top10Paying": {},
                    "EmploymentDistribution": {},
                    "TopISCOOccupations": {},
                    "TopGOSIOccupations": {},
                    "GraduateDistribution": {}
                }
            },
            "Philosophy": {
                "overall": {
                    "TotalGraduates": 366,
                    "MaleGraduates": 201,
                    "FemaleGraduates": 164,
                    "StudyPrograms": 11,
                    "MostPopularMajor": "",
                    "LeastPopularMajor": "",
                    "TopPayingMajor": "",
                    "PerformanceComparison": {},
                    "AverageSalary": {},
                    "WaitingTime": {},
                    "Top10Paying": {},
                    "EmploymentDistribution": {},
                    "TopISCOOccupations": {},
                    "TopGOSIOccupations": {},
                    "GraduateDistribution": {}
                }
            }
        }
    }
}