{
  "OverViewInsights": {
    "summaryCards": {
      "totalGraduates": 15000,
      "overallEmploymentRate": 78.5,
      "averageSalary": 8500,
      "averageTimeToEmployment": 120
    },
    "topGeneralMajors": {
      "byGraduates": {
        "rankings": [
          {
            "generalMajor": "Business, administration and law",
            "value": 3500,
            "male": {"count": 2000, "percentage": 57.1},
            "female": {"count": 1500, "percentage": 42.9},
            "topNarrowMajors": [
              {
                "narrowMajor": "business and management",
                "value": 800,
                "topMajors": [
                  {"major": "business administration", "value": 300},
                  {"major": "finance", "value": 200},
                  {"major": "marketing", "value": 150},
                  {"major": "accounting", "value": 100},
                  {"major": "international business", "value": 50}
                ]
              },
              {
                "narrowMajor": "the law",
                "value": 700,
                "topMajors": [
                  {"major": "commercial law", "value": 250},
                  {"major": "civil law", "value": 200},
                  {"major": "criminal law", "value": 150},
                  {"major": "international law", "value": 50},
                  {"major": "corporate law", "value": 50}
                ]
              }
            ]
          },
          {
            "generalMajor": "Engineering, manufacturing and construction",
            "value": 3000,
            "male": {"count": 2000, "percentage": 66.6},
            "female": {"count": 1000, "percentage": 33.4},
            "topNarrowMajors": [
              {
                "narrowMajor": "engineering and engineering crafts",
                "value": 1000,
                "topMajors": [
                  {"major": "mechanical engineering", "value": 400},
                  {"major": "electrical engineering", "value": 300},
                  {"major": "civil engineering", "value": 150},
                  {"major": "chemical engineering", "value": 100},
                  {"major": "industrial engineering", "value": 50}
                ]
              }
            ]
          },
          {
            "generalMajor": "Health and Welfare",
            "value": 2500,
            "male": {"count": 500, "percentage": 20.0},
            "female": {"count": 2000, "percentage": 80.0},
            "topNarrowMajors": [
              {
                "narrowMajor": "health",
                "value": 900,
                "topMajors": [
                  {"major": "nursing", "value": 300},
                  {"major": "pharmacy", "value": 250},
                  {"major": "physiotherapy", "value": 200},
                  {"major": "dental", "value": 100},
                  {"major": "medical laboratory", "value": 50}
                ]
              }
            ]
          },
          {
            "generalMajor": "Arts and Humanities",
            "value": 2000,
            "male": {"count": 1000, "percentage": 50.0},
            "female": {"count": 1000, "percentage": 50.0},
            "topNarrowMajors": [
              {
                "narrowMajor": "languages",
                "value": 800,
                "topMajors": [
                  {"major": "english", "value": 300},
                  {"major": "arabic", "value": 200},
                  {"major": "french", "value": 150},
                  {"major": "spanish", "value": 100},
                  {"major": "german", "value": 50}
                ]
              }
            ]
          },
          {
            "generalMajor": "Communications and Information Technology",
            "value": 1800,
            "male": {"count": 800, "percentage": 44.4},
            "female": {"count": 1000, "percentage": 55.6},
            "topNarrowMajors": [
              {
                "narrowMajor": "computer science",
                "value": 700,
                "topMajors": [
                  {"major": "software engineering", "value": 250},
                  {"major": "data science", "value": 200},
                  {"major": "cybersecurity", "value": 150},
                  {"major": "artificial intelligence", "value": 50},
                  {"major": "web development", "value": 50}
                ]
              }
            ]
          }
        ]
      },
      "byEmploymentRate": {
        "rankings": [
          {
            "generalMajor": "Health and Welfare",
            "value": 92.5,
            "totalStudents": 200, 
            "employedStudents": 185 ,
            "topNarrowMajors": [
              {
                "narrowMajor": "health",
                "value": 95.0,
                "topMajors": [
                  {"major": "nursing", "value": 97.0},
                  {"major": "pharmacy", "value": 94.0},
                  {"major": "physiotherapy", "value": 93.0},
                  {"major": "dental", "value": 92.0},
                  {"major": "medical laboratory", "value": 91.0}
                ]
              }
            ]
          },
          {
            "generalMajor": "Engineering, manufacturing and construction",
            "value": 50.0,
            "totalStudents": 1000, 
            "employedStudents": 500 ,
            "topNarrowMajors": [
              {
                "narrowMajor": "engineering and engineering crafts",
                "value": 90.0,
                "topMajors": [
                  {"major": "petroleum engineering", "value": 95.0},
                  {"major": "electrical engineering", "value": 92.0},
                  {"major": "mechanical engineering", "value": 89.0},
                  {"major": "chemical engineering", "value": 88.0},
                  {"major": "civil engineering", "value": 87.0}
                ]
              }
            ]
          },
          {
            "generalMajor": "Communications and Information Technology",
            "value": 70.0,
            "totalStudents": 300, 
            "employedStudents": 210 ,
            "topNarrowMajors": [
              {
                "narrowMajor": "computer science",
                "value": 88.0,
                "topMajors": [
                  {"major": "software engineering", "value": 91.0},
                  {"major": "cybersecurity", "value": 89.0},
                  {"major": "data science", "value": 87.0},
                  {"major": "artificial intelligence", "value": 86.0},
                  {"major": "web development", "value": 85.0}
                ]
              }
            ]
          },
          {
            "generalMajor": "Business, administration and law",
            "value": 60.0,
            "totalStudents": 600, 
            "employedStudents": 360,
            "topNarrowMajors": [
              {
                "narrowMajor": "business and management",
                "value": 86.0,
                "topMajors": [
                  {"major": "finance", "value": 88.0},
                  {"major": "business administration", "value": 87.0},
                  {"major": "accounting", "value": 86.0},
                  {"major": "marketing", "value": 84.0},
                  {"major": "international business", "value": 83.0}
                ]
              }
            ]
          },
          {
            "generalMajor": "Arts and Humanities",
            "value": 40.0,
            "totalStudents": 150, 
            "employedStudents": 60 ,
            "topNarrowMajors": [
              {
                "narrowMajor": "languages",
                "value": 84.0,
                "topMajors": [
                  {"major": "english", "value": 86.0},
                  {"major": "arabic", "value": 85.0},
                  {"major": "french", "value": 83.0},
                  {"major": "spanish", "value": 82.0},
                  {"major": "german", "value": 81.0}
                ]
              }
            ]
          }
        ]
      },
      "byAverageSalary": {
        "rankings": [
          {
            "generalMajor": "Engineering, manufacturing and construction",
            "value": 12000,
            "topNarrowMajors": [
              {
                "narrowMajor": "engineering and engineering crafts",
                "value": 13000,
                "topMajors": [
                  {"major": "petroleum engineering", "value": 15000},
                  {"major": "chemical engineering", "value": 14000},
                  {"major": "electrical engineering", "value": 13000},
                  {"major": "mechanical engineering", "value": 12000},
                  {"major": "civil engineering", "value": 11000}
                ]
              }
            ]
          },
          {
            "generalMajor": "Communications and Information Technology",
            "value": 11500,
            "topNarrowMajors": [
              {
                "narrowMajor": "computer science",
                "value": 12000,
                "topMajors": [
                  {"major": "software engineering", "value": 13500},
                  {"major": "data science", "value": 13000},
                  {"major": "cybersecurity", "value": 12500},
                  {"major": "artificial intelligence", "value": 12000},
                  {"major": "web development", "value": 11000}
                ]
              }
            ]
          },
          {
            "generalMajor": "Business, administration and law",
            "value": 10500,
            "topNarrowMajors": [
              {
                "narrowMajor": "business and management",
                "value": 11000,
                "topMajors": [
                  {"major": "finance", "value": 12000},
                  {"major": "business administration", "value": 11500},
                  {"major": "accounting", "value": 11000},
                  {"major": "marketing", "value": 10500},
                  {"major": "international business", "value": 10000}
                ]
              }
            ]
          },
          {
            "generalMajor": "Health and Welfare",
            "value": 10000,
            "topNarrowMajors": [
              {
                "narrowMajor": "health",
                "value": 10500,
                "topMajors": [
                  {"major": "pharmacy", "value": 11500},
                  {"major": "dental", "value": 11000},
                  {"major": "nursing", "value": 10500},
                  {"major": "physiotherapy", "value": 10000},
                  {"major": "medical laboratory", "value": 9500}
                ]
              }
            ]
          },
          {
            "generalMajor": "Arts and Humanities",
            "value": 9000,
            "topNarrowMajors": [
              {
                "narrowMajor": "languages",
                "value": 9500,
                "topMajors": [
                  {"major": "english", "value": 10000},
                  {"major": "arabic", "value": 9500},
                  {"major": "french", "value": 9000},
                  {"major": "spanish", "value": 8500},
                  {"major": "german", "value": 8000}
                ]
              }
            ]
          }
        ]
      },
      "byGenderGap": {
        "rankings": [
          {
            "generalMajor": "Engineering, manufacturing and construction",
            "malePercentage": 85.0,
            "femalePercentage": 15.0,
            "genderGap": 70.0,
            "topNarrowMajors": [
              {
                "narrowMajor": "engineering and engineering crafts",
                "malePercentage": 88.0,
                "femalePercentage": 12.0,
                "genderGap": 76.0,
                "topMajors": [
                  {"major": "mechanical engineering", "malePercentage": 90.0, "femalePercentage": 10.0, "genderGap": 80.0},
                  {"major": "electrical engineering", "malePercentage": 87.0, "femalePercentage": 13.0, "genderGap": 74.0},
                  {"major": "civil engineering", "malePercentage": 85.0, "femalePercentage": 15.0, "genderGap": 70.0},
                  {"major": "chemical engineering", "malePercentage": 80.0, "femalePercentage": 20.0, "genderGap": 60.0},
                  {"major": "industrial engineering", "malePercentage": 75.0, "femalePercentage": 25.0, "genderGap": 50.0}
                ]
              }
            ]
          },
          {
            "generalMajor": "Communications and Information Technology",
            "malePercentage": 80.0,
            "femalePercentage": 20.0,
            "genderGap": 60.0,
            "topNarrowMajors": [
              {
                "narrowMajor": "computer science",
                "malePercentage": 82.0,
                "femalePercentage": 18.0,
                "genderGap": 64.0,
                "topMajors": [
                  {"major": "software engineering", "malePercentage": 85.0, "femalePercentage": 15.0, "genderGap": 70.0},
                  {"major": "cybersecurity", "malePercentage": 83.0, "femalePercentage": 17.0, "genderGap": 66.0},
                  {"major": "data science", "malePercentage": 80.0, "femalePercentage": 20.0, "genderGap": 60.0},
                  {"major": "artificial intelligence", "malePercentage": 78.0, "femalePercentage": 22.0, "genderGap": 56.0},
                  {"major": "web development", "malePercentage": 75.0, "femalePercentage": 25.0, "genderGap": 50.0}
                ]
              }
            ]
          },
          {
            "generalMajor": "Business, administration and law",
            "malePercentage": 60.0,
            "femalePercentage": 40.0,
            "genderGap": 20.0,
            "topNarrowMajors": [
              {
                "narrowMajor": "business and management",
                "malePercentage": 62.0,
                "femalePercentage": 38.0,
                "genderGap": 24.0,
                "topMajors": [
                  {"major": "finance", "malePercentage": 65.0, "femalePercentage": 35.0, "genderGap": 30.0},
                  {"major": "business administration", "malePercentage": 60.0, "femalePercentage": 40.0, "genderGap": 20.0},
                  {"major": "accounting", "malePercentage": 58.0, "femalePercentage": 42.0, "genderGap": 16.0},
                  {"major": "marketing", "malePercentage": 55.0, "femalePercentage": 45.0, "genderGap": 10.0},
                  {"major": "international business", "malePercentage": 52.0, "femalePercentage": 48.0, "genderGap": 4.0}
                ]
              }
            ]
          },
          {
            "generalMajor": "Arts and Humanities",
            "malePercentage": 35.0,
            "femalePercentage": 65.0,
            "genderGap": -30.0,
            "topNarrowMajors": [
              {
                "narrowMajor": "languages",
                "malePercentage": 32.0,
                "femalePercentage": 68.0,
                "genderGap": -36.0,
                "topMajors": [
                  {"major": "english", "malePercentage": 30.0, "femalePercentage": 70.0, "genderGap": -40.0},
                  {"major": "french", "malePercentage": 32.0, "femalePercentage": 68.0, "genderGap": -36.0},
                  {"major": "spanish", "malePercentage": 35.0, "femalePercentage": 65.0, "genderGap": -30.0},
                  {"major": "arabic", "malePercentage": 38.0, "femalePercentage": 62.0, "genderGap": -24.0},
                  {"major": "german", "malePercentage": 40.0, "femalePercentage": 60.0, "genderGap": -20.0}
                ]
              }
            ]
          },
          {
            "generalMajor": "Health and Welfare",
            "malePercentage": 25.0,
            "femalePercentage": 75.0,
            "genderGap": -50.0,
            "topNarrowMajors": [
              {
                "narrowMajor": "health",
                "malePercentage": 22.0,
                "femalePercentage": 78.0,
                "genderGap": -56.0,
                "topMajors": [
                  {"major": "nursing", "malePercentage": 20.0, "femalePercentage": 80.0, "genderGap": -60.0},
                  {"major": "pharmacy", "malePercentage": 25.0, "femalePercentage": 75.0, "genderGap": -50.0},
                  {"major": "physiotherapy", "malePercentage": 30.0, "femalePercentage": 70.0, "genderGap": -40.0},
                  {"major": "dental", "malePercentage": 35.0, "femalePercentage": 65.0, "genderGap": -30.0},
                  {"major": "medical laboratory", "malePercentage": 40.0, "femalePercentage": 60.0, "genderGap": -20.0}
                ]
              }
            ]
          }
        ]
      }
    },
    "topISCOOccupations": {
      "byGraduates": {
        "rankings": [
          {
            "occupation": "software developer",
            "value": 800,
            "topMajors": [
              {"major": "computer science", "count": 300},
              {"major": "software engineering", "count": 200},
              {"major": "information technology", "count": 150},
              {"major": "computer engineering", "count": 100},
              {"major": "information systems", "count": 50}
            ]
          },
          {
            "occupation": "mechanical engineer",
            "value": 700,
            "topMajors": [
              {"major": "mechanical engineering", "count": 400},
              {"major": "industrial engineering", "count": 150},
              {"major": "mechatronics engineering", "count": 100},
              {"major": "aerospace engineering", "count": 30},
              {"major": "automotive engineering", "count": 20}
            ]
          },
          {
            "occupation": "accountant",
            "value": 600,
            "topMajors": [
              {"major": "accounting", "count": 300},
              {"major": "finance", "count": 150},
              {"major": "business administration", "count": 100},
              {"major": "economics", "count": 30},
              {"major": "banking and finance", "count": 20}
            ]
          },
          {
            "occupation": "business analyst",
            "value": 500,
            "topMajors": [
              {"major": "business administration", "count": 200},
              {"major": "information systems", "count": 150},
              {"major": "business analytics", "count": 100},
              {"major": "economics", "count": 30},
              {"major": "statistics", "count": 20}
            ]
          },
          {
            "occupation": "project manager",
            "value": 400,
            "topMajors": [
              {"major": "project management", "count": 150},
              {"major": "business administration", "count": 100},
              {"major": "engineering management", "count": 80},
              {"major": "construction management", "count": 40},
              {"major": "industrial engineering", "count": 30}
            ]
          }
        ]
      },
      "byAverageSalary": {
        "rankings": [
          {
            "occupation": "software architect",
            "value": 15000,
            "topMajors": [
              {"major": "computer science", "averageSalary": 14500},
              {"major": "software engineering", "averageSalary": 14000},
              {"major": "computer engineering", "averageSalary": 13500},
              {"major": "information systems", "averageSalary": 13000},
              {"major": "artificial intelligence", "averageSalary": 12500}
            ]
          },
          {
            "occupation": "data scientist",
            "value": 14000,
            "topMajors": [
              {"major": "data science", "averageSalary": 13500},
              {"major": "statistics", "averageSalary": 13000},
              {"major": "computer science", "averageSalary": 12500},
              {"major": "mathematics", "averageSalary": 12000},
              {"major": "artificial intelligence", "averageSalary": 11500}
            ]
          },
          {
            "occupation": "financial manager",
            "value": 13000,
            "topMajors": [
              {"major": "finance", "averageSalary": 12500},
              {"major": "accounting", "averageSalary": 12000},
              {"major": "business administration", "averageSalary": 11500},
              {"major": "economics", "averageSalary": 11000},
              {"major": "banking and finance", "averageSalary": 10500}
            ]
          },
          {
            "occupation": "project director",
            "value": 12000,
            "topMajors": [
              {"major": "project management", "averageSalary": 11500},
              {"major": "business administration", "averageSalary": 11000},
              {"major": "engineering management", "averageSalary": 10500},
              {"major": "construction management", "averageSalary": 10000},
              {"major": "industrial engineering", "averageSalary": 9500}
            ]
          },
          {
            "occupation": "senior engineer",
            "value": 11000,
            "topMajors": [
              {"major": "mechanical engineering", "averageSalary": 10500},
              {"major": "electrical engineering", "averageSalary": 10000},
              {"major": "chemical engineering", "averageSalary": 9500},
              {"major": "civil engineering", "averageSalary": 9000},
              {"major": "industrial engineering", "averageSalary": 8500}
            ]
          }
        ]
      },
      "byGenderGap": {
        "rankings": [
          {
            "occupation": "mechanical engineer",
            "malePercentage": 90.0,
            "femalePercentage": 10.0,
            "genderGap": 80.0,
            "topMajors": [
              {"major": "mechanical engineering", "malePercentage": 92.0, "femalePercentage": 8.0, "genderGap": 84.0},
              {"major": "industrial engineering", "malePercentage": 88.0, "femalePercentage": 12.0, "genderGap": 76.0},
              {"major": "mechatronics engineering", "malePercentage": 85.0, "femalePercentage": 15.0, "genderGap": 70.0},
              {"major": "aerospace engineering", "malePercentage": 82.0, "femalePercentage": 18.0, "genderGap": 64.0},
              {"major": "automotive engineering", "malePercentage": 80.0, "femalePercentage": 20.0, "genderGap": 60.0}
            ]
          },
          {
            "occupation": "software developer",
            "malePercentage": 85.0,
            "femalePercentage": 15.0,
            "genderGap": 70.0,
            "topMajors": [
              {"major": "software engineering", "malePercentage": 88.0, "femalePercentage": 12.0, "genderGap": 76.0},
              {"major": "computer science", "malePercentage": 85.0, "femalePercentage": 15.0, "genderGap": 70.0},
              {"major": "information technology", "malePercentage": 82.0, "femalePercentage": 18.0, "genderGap": 64.0},
              {"major": "computer engineering", "malePercentage": 80.0, "femalePercentage": 20.0, "genderGap": 60.0},
              {"major": "information systems", "malePercentage": 75.0, "femalePercentage": 25.0, "genderGap": 50.0}
            ]
          },
          {
            "occupation": "project manager",
            "malePercentage": 70.0,
            "femalePercentage": 30.0,
            "genderGap": 40.0,
            "topMajors": [
              {"major": "project management", "malePercentage": 75.0, "femalePercentage": 25.0, "genderGap": 50.0},
              {"major": "engineering management", "malePercentage": 72.0, "femalePercentage": 28.0, "genderGap": 44.0},
              {"major": "business administration", "malePercentage": 68.0, "femalePercentage": 32.0, "genderGap": 36.0},
              {"major": "construction management", "malePercentage": 65.0, "femalePercentage": 35.0, "genderGap": 30.0},
              {"major": "industrial engineering", "malePercentage": 62.0, "femalePercentage": 38.0, "genderGap": 24.0}
            ]
          },
          {
            "occupation": "nurse",
            "malePercentage": 20.0,
            "femalePercentage": 80.0,
            "genderGap": -60.0,
            "topMajors": [
              {"major": "nursing", "malePercentage": 18.0, "femalePercentage": 82.0, "genderGap": -64.0},
              {"major": "healthcare management", "malePercentage": 22.0, "femalePercentage": 78.0, "genderGap": -56.0},
              {"major": "medical care", "malePercentage": 25.0, "femalePercentage": 75.0, "genderGap": -50.0},
              {"major": "public health", "malePercentage": 30.0, "femalePercentage": 70.0, "genderGap": -40.0},
              {"major": "health sciences", "malePercentage": 35.0, "femalePercentage": 65.0, "genderGap": -30.0}
            ]
          },
          {
            "occupation": "elementary teacher",
            "malePercentage": 15.0,
            "femalePercentage": 85.0,
            "genderGap": -70.0,
            "topMajors": [
              {"major": "elementary education", "malePercentage": 12.0, "femalePercentage": 88.0, "genderGap": -76.0},
              {"major": "early childhood education", "malePercentage": 15.0, "femalePercentage": 85.0, "genderGap": -70.0},
              {"major": "special education", "malePercentage": 18.0, "femalePercentage": 82.0, "genderGap": -64.0},
              {"major": "education", "malePercentage": 22.0, "femalePercentage": 78.0, "genderGap": -56.0},
              {"major": "child development", "malePercentage": 25.0, "femalePercentage": 75.0, "genderGap": -50.0}
            ]
          }
        ]
      },
      "mostCommonJobTitles": {
        "rankings": [
          {"title": "software engineer", "count": 1000},
          {"title": "business analyst", "count": 800},
          {"title": "project manager", "count": 700},
          {"title": "accountant", "count": 600},
          {"title": "sales manager", "count": 500}
        ]
      },
      "topEmployers": {
        "rankings": [
          {"employer": "Saudi Aramco", "averageSalary": 18000},
          {"employer": "SABIC", "averageSalary": 16000},
          {"employer": "STC", "averageSalary": 15000},
          {"employer": "NCB", "averageSalary": 14000},
          {"employer": "Saudi Airlines", "averageSalary": 13000}
        ]
      }
    },
    "genderDistribution": {
      "male": {
        "count": 8000,
        "percentage": 53.3
      },
      "female": {
        "count": 7000,
        "percentage": 46.7
      }
    },
    "salaryDistribution": {
      "ranges": {
        "0-5000": {"count": 3000, "percentage": 20},
        "5001-10000": {"count": 6750, "percentage": 45},
        "10001-15000": {"count": 3750, "percentage": 25},
        "15001+": {"count": 1500, "percentage": 10}
      },
      "median": 8500,
      "byGeneralMajor": [
        {
          "name": "Engineering, manufacturing and construction",
          "ranges": {
            "0-5000": {"count": 300, "percentage": 10},
            "5001-10000": {"count": 900, "percentage": 30},
            "10001-15000": {"count": 1200, "percentage": 40},
            "15001+": {"count": 600, "percentage": 20}
          },
          "median": 11000,
          "average": 12000
        },
        {
          "name": "Health and Welfare",
          "ranges": {
            "0-5000": {"count": 125, "percentage": 5},
            "5001-10000": {"count": 875, "percentage": 35},
            "10001-15000": {"count": 1125, "percentage": 45},
            "15001+": {"count": 375, "percentage": 15}
          },
          "median": 10500,
          "average": 11000
        },
        {
          "name": "Business, administration and law",
          "ranges": {
            "0-5000": {"count": 525, "percentage": 15},
            "5001-10000": {"count": 1225, "percentage": 35},
            "10001-15000": {"count": 1225, "percentage": 35},
            "15001+": {"count": 525, "percentage": 15}
          },
          "median": 9500,
          "average": 10000
        },
        {
          "name": "Communications and Information Technology",
          "ranges": {
            "0-5000": {"count": 360, "percentage": 20},
            "5001-10000": {"count": 720, "percentage": 40},
            "10001-15000": {"count": 540, "percentage": 30},
            "15001+": {"count": 180, "percentage": 10}
          },
          "median": 8000,
          "average": 8500
        },
        {
          "name": "Arts and Humanities",
          "ranges": {
            "0-5000": {"count": 500, "percentage": 25},
            "5001-10000": {"count": 900, "percentage": 45},
            "10001-15000": {"count": 500, "percentage": 25},
            "15001+": {"count": 100, "percentage": 5}
          },
          "median": 7500,
          "average": 8000
        }
      ],
      "byEducationLevel": [
        {
          "level": "Doctoral Degree",
          "ranges": {
            "0-5000": {"count": 50, "percentage": 5},
            "5001-10000": {"count": 200, "percentage": 20},
            "10001-15000": {"count": 500, "percentage": 50},
            "15001+": {"count": 250, "percentage": 25}
          },
          "median": 12500,
          "average": 13000
        },
        {
          "level": "Master's Degree",
          "ranges": {
            "0-5000": {"count": 200, "percentage": 10},
            "5001-10000": {"count": 600, "percentage": 30},
            "10001-15000": {"count": 800, "percentage": 40},
            "15001+": {"count": 400, "percentage": 20}
          },
          "median": 11000,
          "average": 11500
        },
        {
          "level": "Bachelor's Degree",
          "ranges": {
            "0-5000": {"count": 1500, "percentage": 15},
            "5001-10000": {"count": 4000, "percentage": 40},
            "10001-15000": {"count": 3000, "percentage": 30},
            "15001+": {"count": 1500, "percentage": 15}
          },
          "median": 9000,
          "average": 9500
        },
        {
          "level": "Associate's Degree",
          "ranges": {
            "0-5000": {"count": 800, "percentage": 20},
            "5001-10000": {"count": 2000, "percentage": 50},
            "10001-15000": {"count": 1000, "percentage": 25},
            "15001+": {"count": 200, "percentage": 5}
          },
          "median": 7500,
          "average": 8000
        },
        {
          "level": "Certificate/Diploma",
          "ranges": {
            "0-5000": {"count": 1000, "percentage": 25},
            "5001-10000": {"count": 2000, "percentage": 50},
            "10001-15000": {"count": 800, "percentage": 20},
            "15001+": {"count": 200, "percentage": 5}
          },
          "median": 7000,
          "average": 7500
        }
      ]
    },
    "employmentTiming": {
      "preGraduation": {"count": 3000, "percentage": 20},
      "withinYear": {"count": 10500, "percentage": 70},
      "afterYear": {"count": 1500, "percentage": 10},
      "byGeneralMajor": [
        {
          "name": "Engineering, manufacturing and construction",
          "preGraduation": {"count": 900, "percentage": 30},
          "withinYear": {"count": 1800, "percentage": 60},
          "afterYear": {"count": 300, "percentage": 10}
        },
        {
          "name": "Health and Welfare",
          "preGraduation": {"count": 625, "percentage": 25},
          "withinYear": {"count": 1750, "percentage": 70},
          "afterYear": {"count": 125, "percentage": 5}
        },
        {
          "name": "Business, administration and law",
          "preGraduation": {"count": 525, "percentage": 15},
          "withinYear": {"count": 2450, "percentage": 70},
          "afterYear": {"count": 525, "percentage": 15}
        },
        {
          "name": "Communications and Information Technology",
          "preGraduation": {"count": 360, "percentage": 20},
          "withinYear": {"count": 1260, "percentage": 70},
          "afterYear": {"count": 180, "percentage": 10}
        },
        {
          "name": "Arts and Humanities",
          "preGraduation": {"count": 200, "percentage": 10},
          "withinYear": {"count": 1400, "percentage": 70},
          "afterYear": {"count": 400, "percentage": 20}
        }
      ],
      "byEducationLevel": [
        {
          "level": "Doctoral Degree",
          "preGraduation": {"count": 300, "percentage": 30},
          "withinYear": {"count": 650, "percentage": 65},
          "afterYear": {"count": 50, "percentage": 5}
        },
        {
          "level": "Master's Degree",
          "preGraduation": {"count": 500, "percentage": 25},
          "withinYear": {"count": 1400, "percentage": 70},
          "afterYear": {"count": 100, "percentage": 5}
        },
        {
          "level": "Bachelor's Degree",
          "preGraduation": {"count": 1500, "percentage": 15},
          "withinYear": {"count": 7000, "percentage": 70},
          "afterYear": {"count": 1500, "percentage": 15}
        },
        {
          "level": "Associate's Degree",
          "preGraduation": {"count": 400, "percentage": 10},
          "withinYear": {"count": 3000, "percentage": 75},
          "afterYear": {"count": 600, "percentage": 15}
        },
        {
          "level": "Certificate/Diploma",
          "preGraduation": {"count": 300, "percentage": 7.5},
          "withinYear": {"count": 3200, "percentage": 80},
          "afterYear": {"count": 500, "percentage": 12.5}
        }
      ]
    }
  },
  "educationInsights": {
    "educationLevelMetrics": [
      {
        "level": "Bachelor's Degree",
        "employmentRate": 85,
        "averageSalary": 8500,
        "averageTimeToEmployment": 120
      },
      {
        "level": "Master's Degree",
        "employmentRate": 90,
        "averageSalary": 10000,
        "averageTimeToEmployment": 90
      },
      {
        "level": "PH'd Degree",
        "employmentRate": 95,
        "averageSalary": 12000,
        "averageTimeToEmployment": 60
      }
    ],
    "topNarrowMajors": {
      "mostPopular": [
        {
          "name": "Computer Science",
          "graduates": 900,
          "percentageOfTotal": 15
        },
        {
          "name": "Nursing",
          "graduates": 850,
          "percentageOfTotal": 14
        },
        {
          "name": "Business Administration",
          "graduates": 800,
          "percentageOfTotal": 13
        },
        {
          "name": "Mechanical Engineering",
          "graduates": 750,
          "percentageOfTotal": 12
        },
        {
          "name": "Psychology",
          "graduates": 700,
          "percentageOfTotal": 11
        }
      ],
      "mostEmployable": [
        {
          "name": "Nursing",
          "employmentRate": 95,
          "quickEmploymentRate": 85
        },
        {
          "name": "Computer Science",
          "employmentRate": 92,
          "quickEmploymentRate": 80
        },
        {
          "name": "Mechanical Engineering",
          "employmentRate": 90,
          "quickEmploymentRate": 75
        },
        {
          "name": "Business Administration",
          "employmentRate": 88,
          "quickEmploymentRate": 70
        },
        {
          "name": "Psychology",
          "employmentRate": 85,
          "quickEmploymentRate": 65
        }
      ],
      "highestPaying": [
        {
          "name": "Computer Science",
          "averageSalary": 11000,
          "medianSalary": 10500
        },
        {
          "name": "Mechanical Engineering",
          "averageSalary": 10500,
          "medianSalary": 10000
        },
        {
          "name": "Nursing",
          "averageSalary": 10000,
          "medianSalary": 9500
        },
        {
          "name": "Business Administration",
          "averageSalary": 9500,
          "medianSalary": 9000
        },
        {
          "name": "Psychology",
          "averageSalary": 8500,
          "medianSalary": 8000
        }
      ]
    },
    "genderDistributionByGeneralMajor": [
      {
        "name": "Engineering, manufacturing and construction",
        "maleCount": 2100,
        "femaleCount": 900,
        "malePercentage": 70,
        "femalePercentage": 30,
        "totalGraduates": 3000
      },
      {
        "name": "Health and Welfare",
        "maleCount": 850,
        "femaleCount": 2550,
        "malePercentage": 25,
        "femalePercentage": 75,
        "totalGraduates": 3400
      },
      {
        "name": "Business, administration and law",
        "maleCount": 1750,
        "femaleCount": 1750,
        "malePercentage": 50,
        "femalePercentage": 50,
        "totalGraduates": 3500
      },
      {
        "name": "Communications and Information Technology",
        "maleCount": 1890,
        "femaleCount": 810,
        "malePercentage": 70,
        "femalePercentage": 30,
        "totalGraduates": 2700
      },
      {
        "name": "Arts and Humanities",
        "maleCount": 1000,
        "femaleCount": 1500,
        "malePercentage": 40,
        "femalePercentage": 60,
        "totalGraduates": 2500
      }
    ],
    "salaryDistributionByGeneralMajor": [
      {
        "name": "Engineering, manufacturing and construction",
        "ranges": {
          "0-5000": {"percentage": 10},
          "5001-10000": {"percentage": 30},
          "10001-15000": {"percentage": 40},
          "15001+": {"percentage": 20}
        },
        "medianSalary": 9500,
        "averageSalary": 10000
      },
      {
        "name": "Health and Welfare",
        "ranges": {
          "0-5000": {"percentage": 5},
          "5001-10000": {"percentage": 35},
          "10001-15000": {"percentage": 45},
          "15001+": {"percentage": 15}
        },
        "medianSalary": 9200,
        "averageSalary": 10000
      },
      {
        "name": "Business, administration and law",
        "ranges": {
          "0-5000": {"percentage": 15},
          "5001-10000": {"percentage": 35},
          "10001-15000": {"percentage": 35},
          "15001+": {"percentage": 15}
        },
        "medianSalary": 8800,
        "averageSalary": 9200
      },
      {
        "name": "Communications and Information Technology",
        "ranges": {
          "0-5000": {"percentage": 20},
          "5001-10000": {"percentage": 40},
          "10001-15000": {"percentage": 30},
          "15001+": {"percentage": 10}
        },
        "medianSalary": 7500,
        "averageSalary": 8000
      },
      {
        "name": "Arts and Humanities",
        "ranges": {
          "0-5000": {"percentage": 25},
          "5001-10000": {"percentage": 45},
          "10001-15000": {"percentage": 25},
          "15001+": {"percentage": 5}
        },
        "medianSalary": 7000,
        "averageSalary": 7500
      }
    ],
    "employmentTimingByGeneralMajor": [
      {
        "name": "Engineering, manufacturing and construction",
        "beforeGraduation": 25,
        "withinYear": 65,
        "afterYear": 10
      },
      {
        "name": "Health and Welfare",
        "beforeGraduation": 30,
        "withinYear": 65,
        "afterYear": 5
      },
      {
        "name": "Business, administration and law",
        "beforeGraduation": 20,
        "withinYear": 70,
        "afterYear": 10
      },
      {
        "name": "Communications and Information Technology",
        "beforeGraduation": 15,
        "withinYear": 70,
        "afterYear": 15
      },
      {
        "name": "Arts and Humanities",
        "beforeGraduation": 10,
        "withinYear": 70,
        "afterYear": 20
      }
    ],
    "employmentTimelineByGeneralMajor": [
      {
        "name": "Engineering, manufacturing and construction",
        "averageTimeToEmployment": 75,
        "quickEmploymentRate": 80,
        "waitingPeriods": [
          {"period": "0-3 months", "percentage": 45},
          {"period": "3-6 months", "percentage": 35},
          {"period": "6-9 months", "percentage": 15},
          {"period": "9+ months", "percentage": 5}
        ]
      },
      {
        "name": "Health and Welfare",
        "averageTimeToEmployment": 50,
        "quickEmploymentRate": 85,
        "waitingPeriods": [
          {"period": "0-3 months", "percentage": 60},
          {"period": "3-6 months", "percentage": 25},
          {"period": "6-9 months", "percentage": 10},
          {"period": "9+ months", "percentage": 5}
        ]
      },
      {
        "name": "Business, administration and law",
        "averageTimeToEmployment": 90,
        "quickEmploymentRate": 70,
        "waitingPeriods": [
          {"period": "0-3 months", "percentage": 40},
          {"period": "3-6 months", "percentage": 30},
          {"period": "6-9 months", "percentage": 20},
          {"period": "9+ months", "percentage": 10}
        ]
      },
      {
        "name": "Communications and Information Technology",
        "averageTimeToEmployment": 120,
        "quickEmploymentRate": 60,
        "waitingPeriods": [
          {"period": "0-3 months", "percentage": 35},
          {"period": "3-6 months", "percentage": 30},
          {"period": "6-9 months", "percentage": 20},
          {"period": "9+ months", "percentage": 15}
        ]
      },
      {
        "name": "Arts and Humanities",
        "averageTimeToEmployment": 150,
        "quickEmploymentRate": 50,
        "waitingPeriods": [
          {"period": "0-3 months", "percentage": 30},
          {"period": "3-6 months", "percentage": 30},
          {"period": "6-9 months", "percentage": 25},
          {"period": "9+ months", "percentage": 15}
        ]
      }
    ]
  }
}
