{
    "general_major": {
        "Business, administration and law": "Bus, admin and law",
        "Arts and Humanities": "Arts & Hum",
        "Communications and Information Technology": "Comm & IT",
        "Engineering, manufacturing and construction": "Eng, manuf & constr",
        "Natural Sciences, Mathematics and Statistics": "Nat Sci, Math & Stats",
        "Health and well-being": "Health & well-being",
        "General programs and qualifications": "Gen programs & qual",
        "Unknown programs": "Unknown programs",
        "Social sciences, journalism and media": "Soc Sci, jour and media",
        "Agriculture, forestry, fisheries and veterinary traps": "Agric, forestry, fisheries & vet traps"
    },
    "narrow_major": {
        "Business and management": "Bus & Mgt",
        "Communications and Information Technology": "Comm & IT",
        "Engineering and engineering crafts": "Eng & Eng Crafts",
        "Mathematics and Statistics": "Math & Stats",
        "Multi-disciplinary programs and qualifications include telecommunications and information technology": "Multi-disc prog & qual incl telecom & IT",
        "Basic programs and qualifications": "Basic prog & qual",
        "Press and media": "Press & Media",
        "Human studies except languages": "Human Stud except Lang",
        "Social and behavioral sciences": "Soc & Behav Sci",
        "Biological sciences and related sciences": "Bio Sci & Rel Sci",
        "Architecture and construction": "Arch & Constr",
        "Multi-disciplinary programs and qualifications include engineering, manufacturing and construction": "Multi-disc prog & qual incl eng, manuf & constr",
        "General hygiene and occupational health services": "Gen hyg & occ health serv",
        "Transportation services": "Transp Serv",
        "Multiple specialties programs and qualifications include natural sciences, mathematics and statistics": "Mult spe prog & qual incl nat sci, math & stats",
        "Other programs in natural sciences, mathematics and statistics are not classified elsewhere": "Other prog in nat sci, math & stats not classified elsewhere",
        "Unlimited programs in business, administration and law": "Unltd prog in bus, admin & law",
        "Skills and personal development development": "Skills & Pers Dev",
        "General programs and qualifications are more specific": "Gen prog & qual more spec"
    },
    "major": {
        "Administrative Information Systems": "Admin Info Sys",
        "Programming and computer science": "Prog & Comp Sci",
        "Supply Series Management": "Supply Mgt",
        "Electrical Engineering Technology": "Elec Eng Tech",
        "Chemical engineering technology": "Chem Eng Tech",
        "Mechanical engineering technology": "Mech Eng Tech",
        "Control and automation engineering technology": "Ctrl & Auto Eng Tech",
        "Banking and financial markets management": "Bank & Fin Mkts Mgt",
        "Arabic and its literature": "Arab & Lit",
        "Home economics (educational)": "Home Econ Ed",
        "Graphic design and digital media": "Graphic Design & Dig Media",
        "Library and Information Sciences": "Lib & Info Sci",
        "The Qur'an and its sciences": "Qur'an & Sci",
        "Curricula and teaching methods": "Curric & Teach Meth",
        "Finance and Investment Department": "Fin & Inv Dept",
        "Risk management and insurance": "Risk Mgt & Ins",
        "Literature, criticism and rhetoric": "Lit, Crit & Rhet",
        "Grammar and drainage": "Gram & Drain",
        "Arabic for non-native speakers": "Arab for Non-Nat Speakers",
        "The management of Hajj and Umrah works": "Hajj & Umrah Mgt",
        "Behavioral disorders and autism": "Behav Dis & Autism",
        "Arabic linguistics": "Arab Ling",
        "Sports and recreational administration": "Sports & Rec Admin",
        "Radio, television and film": "Radio, TV & Film",
        "Construction Engineering Technology": "Constr Eng Tech",
        "Industrial engineering and systems": "Ind Eng & Sys",
        "Declaration and marketing communication": "Decl & Mktg Comm",
        "Geographical information systems": "Geo Info Sys",
        "Molecular and cellular biology": "Mol & Cell Bio",
        "Emergency medical services": "Emerg Med Serv",
        "Sunnah and its sciences": "Sunnah & Sci",
        "Network Systems Management": "Net Sys Mgt",
        "Personality and social psychology": "Pers & Soc Psych",
        "Pre-primary education (kindergarten)": "Pre-Prim Ed (K)",
        "Aviation Administration": "Aviation Admin",
        "Drilling, sculpture and decoration": "Drill, Sculpt & Decor",
        "Printing and packaging": "Print & Pack",
        "Fashion and fabric design": "Fashion & Fab Design",
        "Speech and speech therapy": "Speech & Speech Ther",
        "French language and translation": "Fr Lang & Trans",
        "Language and communication disorders": "Lang & Comm Disord",
        "Nutrition and food science": "Nut & Food Sci",
        "General health of the teeth": "Gen Health of Teeth",
        "Housing management and family institutions": "Housing Mgt & Fam Inst",
        "Weaving and weaving": "Weaving & Weav",
        "Family and childhood science": "Fam & Child Sci",
        "Sports science and physical activity": "Sports Sci & Phys Act",
        "Computer Engineering Technology": "Comp Eng Tech",
        "Other specializations in telecommunications and information technology is not classified elsewhere": "Other Spec in Telecom & IT not classified",
        "Fundamentals of education": "Fund Ed",
        "Animal production and upbringing": "Anim Prod & Upbr",
        "Plant production and prevention": "Plant Prod & Prev",
        "The origins of religion": "Orig of Rel",
        "Professional health and safety": "Prof Health & Safety",
        "Elementary education mathematics": "Elem Ed Math",
        "Islamic Financial Administration": "Islamic Fin Admin",
        "Heritage Resources Management": "Heritage Res Mgt",
        "Tourist guidance": "Tourist Guide",
        "Register and electronic memorization management": "Reg & Elec Mem Mgt",
        "Manage information sources and services": "Mng Info Srcs & Serv",
        "Sports operations research": "Sports Ops Res",
        "Events management and organization": "Event Mgt & Org",
        "Health Services Department": "Health Serv Dept",
        "Ports and maritime transport": "Ports & Marit Transp",
        "Primary education science": "Prim Ed Sci",
        "Health information management": "Health Info Mgt",
        "The Holy Quran and Islamic Studies (Educational)": "Qur'an & Islam Stud Ed",
        "Computer Science (Educational)": "Comp Sci Ed",
        "Industrial engineering technology": "Ind Eng Tech",
        "Network engineering technology": "Net Eng Tech",
        "Unspecified specialization in security services": "Unspec Spec Sec Serv",
        "Architectural engineering technology": "Arch Eng Tech",
        "Psychology (educational)": "Psych Ed",
        "Psychological first aid": "Psych First Aid",
        "Solar power systems": "Solar Sys"
    }
}
