{
  "OverViewInsights": {
    "summaryCards": {
      "totalGraduates": 15000,
      "overallEmploymentRate": 78.5,
      "averageSalary": 8500,
      "averageTimeToEmployment": 120
    },
    "topGeneralMajors": {
      "byGraduates": {
        "rankings": [
          {
            "generalMajor": "Business, administration and law",
            "value": 3500,
            "topNarrowMajors": [
              {
                "narrowMajor": "business and management",
                "value": 800,
                "topMajors": [
                  {"major": "business administration", "value": 300},
                  {"major": "finance", "value": 200},
                  {"major": "marketing", "value": 150},
                  {"major": "accounting", "value": 100},
                  {"major": "international business", "value": 50}
                ]
              },
              {
                "narrowMajor": "the law",
                "value": 700,
                "topMajors": [
                  {"major": "commercial law", "value": 250},
                  {"major": "civil law", "value": 200},
                  {"major": "criminal law", "value": 150},
                  {"major": "international law", "value": 50},
                  {"major": "corporate law", "value": 50}
                ]
              }
            ]
          },
          {
            "generalMajor": "Engineering, manufacturing and construction",
            "value": 3000,
            "topNarrowMajors": [
              {
                "narrowMajor": "engineering and engineering crafts",
                "value": 1000,
                "topMajors": [
                  {"major": "mechanical engineering", "value": 400},
                  {"major": "electrical engineering", "value": 300},
                  {"major": "civil engineering", "value": 150},
                  {"major": "chemical engineering", "value": 100},
                  {"major": "industrial engineering", "value": 50}
                ]
              }
            ]
          },
          {
            "generalMajor": "Health and Welfare",
            "value": 2500,
            "topNarrowMajors": [
              {
                "narrowMajor": "health",
                "value": 900,
                "topMajors": [
                  {"major": "nursing", "value": 300},
                  {"major": "pharmacy", "value": 250},
                  {"major": "physiotherapy", "value": 200},
                  {"major": "dental", "value": 100},
                  {"major": "medical laboratory", "value": 50}
                ]
              }
            ]
          },
          {
            "generalMajor": "Arts and Humanities",
            "value": 2000,
            "topNarrowMajors": [
              {
                "narrowMajor": "languages",
                "value": 800,
                "topMajors": [
                  {"major": "english", "value": 300},
                  {"major": "arabic", "value": 200},
                  {"major": "french", "value": 150},
                  {"major": "spanish", "value": 100},
                  {"major": "german", "value": 50}
                ]
              }
            ]
          },
          {
            "generalMajor": "Communications and Information Technology",
            "value": 1800,
            "topNarrowMajors": [
              {
                "narrowMajor": "computer science",
                "value": 700,
                "topMajors": [
                  {"major": "software engineering", "value": 250},
                  {"major": "data science", "value": 200},
                  {"major": "cybersecurity", "value": 150},
                  {"major": "artificial intelligence", "value": 50},
                  {"major": "web development", "value": 50}
                ]
              }
            ]
          }
        ]
      },
      "byEmploymentRate": {
        "rankings": [
          {
            "generalMajor": "Health and Welfare",
            "value": 92.5,
            "topNarrowMajors": [
              {
                "narrowMajor": "health",
                "value": 95.0,
                "topMajors": [
                  {"major": "nursing", "value": 97.0},
                  {"major": "pharmacy", "value": 94.0},
                  {"major": "physiotherapy", "value": 93.0},
                  {"major": "dental", "value": 92.0},
                  {"major": "medical laboratory", "value": 91.0}
                ]
              }
            ]
          },
          {
            "generalMajor": "Engineering, manufacturing and construction",
            "value": 88.0,
            "topNarrowMajors": [
              {
                "narrowMajor": "engineering and engineering crafts",
                "value": 90.0,
                "topMajors": [
                  {"major": "petroleum engineering", "value": 95.0},
                  {"major": "electrical engineering", "value": 92.0},
                  {"major": "mechanical engineering", "value": 89.0},
                  {"major": "chemical engineering", "value": 88.0},
                  {"major": "civil engineering", "value": 87.0}
                ]
              }
            ]
          }
        ]
      },
      "byAverageSalary": {
        "rankings": [
          {
            "generalMajor": "Engineering, manufacturing and construction",
            "value": 12000,
            "topNarrowMajors": [
              {
                "narrowMajor": "engineering and engineering crafts",
                "value": 13000,
                "topMajors": [
                  {"major": "petroleum engineering", "value": 15000},
                  {"major": "chemical engineering", "value": 14000},
                  {"major": "electrical engineering", "value": 13000},
                  {"major": "mechanical engineering", "value": 12000},
                  {"major": "civil engineering", "value": 11000}
                ]
              }
            ]
          }
        ]
      }
    },
    "topISCOOccupations": {
      "byGraduates": {
        "rankings": [
          {
            "occupation": "software developer",
            "value": 800,
            "topMajors": [
              {"major": "computer science", "count": 300},
              {"major": "software engineering", "count": 200},
              {"major": "information technology", "count": 150},
              {"major": "computer engineering", "count": 100},
              {"major": "information systems", "count": 50}
            ]
          },
          {
            "occupation": "mechanical engineer",
            "value": 700,
            "topMajors": [
              {"major": "mechanical engineering", "count": 400},
              {"major": "industrial engineering", "count": 150},
              {"major": "mechatronics engineering", "count": 100},
              {"major": "aerospace engineering", "count": 30},
              {"major": "automotive engineering", "count": 20}
            ]
          },
          {
            "occupation": "accountant",
            "value": 600,
            "topMajors": [
              {"major": "accounting", "count": 300},
              {"major": "finance", "count": 150},
              {"major": "business administration", "count": 100},
              {"major": "economics", "count": 30},
              {"major": "banking and finance", "count": 20}
            ]
          },
          {
            "occupation": "business analyst",
            "value": 500,
            "topMajors": [
              {"major": "business administration", "count": 200},
              {"major": "information systems", "count": 150},
              {"major": "business analytics", "count": 100},
              {"major": "economics", "count": 30},
              {"major": "statistics", "count": 20}
            ]
          },
          {
            "occupation": "project manager",
            "value": 400,
            "topMajors": [
              {"major": "project management", "count": 150},
              {"major": "business administration", "count": 100},
              {"major": "engineering management", "count": 80},
              {"major": "construction management", "count": 40},
              {"major": "industrial engineering", "count": 30}
            ]
          }
        ]
      },
      "byAverageSalary": {
        "rankings": [
          {
            "occupation": "software architect",
            "value": 15000,
            "topMajors": [
              {"major": "computer science", "averageSalary": 14500},
              {"major": "software engineering", "averageSalary": 14000},
              {"major": "computer engineering", "averageSalary": 13500},
              {"major": "information systems", "averageSalary": 13000},
              {"major": "artificial intelligence", "averageSalary": 12500}
            ]
          },
          {
            "occupation": "data scientist",
            "value": 14000,
            "topMajors": [
              {"major": "data science", "averageSalary": 13500},
              {"major": "statistics", "averageSalary": 13000},
              {"major": "computer science", "averageSalary": 12500},
              {"major": "mathematics", "averageSalary": 12000},
              {"major": "artificial intelligence", "averageSalary": 11500}
            ]
          },
          {
            "occupation": "financial manager",
            "value": 13000,
            "topMajors": [
              {"major": "finance", "averageSalary": 12500},
              {"major": "accounting", "averageSalary": 12000},
              {"major": "business administration", "averageSalary": 11500},
              {"major": "economics", "averageSalary": 11000},
              {"major": "banking and finance", "averageSalary": 10500}
            ]
          },
          {
            "occupation": "project director",
            "value": 12000,
            "topMajors": [
              {"major": "project management", "averageSalary": 11500},
              {"major": "business administration", "averageSalary": 11000},
              {"major": "engineering management", "averageSalary": 10500},
              {"major": "construction management", "averageSalary": 10000},
              {"major": "industrial engineering", "averageSalary": 9500}
            ]
          },
          {
            "occupation": "senior engineer",
            "value": 11000,
            "topMajors": [
              {"major": "mechanical engineering", "averageSalary": 10500},
              {"major": "electrical engineering", "averageSalary": 10000},
              {"major": "chemical engineering", "averageSalary": 9500},
              {"major": "civil engineering", "averageSalary": 9000},
              {"major": "industrial engineering", "averageSalary": 8500}
            ]
          }
        ]
      },
      "mostCommonJobTitles": {
        "rankings": [
          {"title": "software engineer", "count": 1000},
          {"title": "business analyst", "count": 800},
          {"title": "project manager", "count": 700},
          {"title": "accountant", "count": 600},
          {"title": "sales manager", "count": 500}
        ]
      },
      "topEmployers": {
        "rankings": [
          {"employer": "Saudi Aramco", "averageSalary": 18000},
          {"employer": "SABIC", "averageSalary": 16000},
          {"employer": "STC", "averageSalary": 15000},
          {"employer": "NCB", "averageSalary": 14000},
          {"employer": "Saudi Airlines", "averageSalary": 13000}
        ]
      }
    },
    "genderDistribution": {
      "male": {
        "count": 8000,
        "percentage": 53.3
      },
      "female": {
        "count": 7000,
        "percentage": 46.7
      }
    },
    "salaryDistribution": {
      "ranges": {
        "0-5000": {"count": 3000, "percentage": 20},
        "5001-10000": {"count": 6750, "percentage": 45},
        "10001-15000": {"count": 3750, "percentage": 25},
        "15001+": {"count": 1500, "percentage": 10}
      },
      "median": 8500
    },
    "employmentTiming": {
      "preGraduation": {"count": 2250, "percentage": 15},
      "within6Months": {"count": 6750, "percentage": 45},
      "6To12Months": {"count": 3750, "percentage": 25},
      "after12Months": {"count": 1500, "percentage": 10},
      "unemployed": {"count": 750, "percentage": 5}
    }
  },
  "majorsInsights": {
    "generalMajors": {
      "Business, administration and law": {
        "metrics": {
          "graduatesPercentage": 23.3,
          "employmentRate": 82,
          "averageSalary": 9000,
          "timeToEmployment": 90
        },
        "topNarrowMajors": {
          "popular": {
            "business and management": {
              "count": 800,
              "percentage": 22.9
            }
          },
          "employable": {
            "finance": {
              "rate": 88,
              "count": 400
            }
          },
          "highestPaying": {
            "investment management": {
              "salary": 12000,
              "count": 200
            }
          }
        },
        "genderDistribution": {
          "male": 55,
          "female": 45
        },
        "salaryDistribution": {
          "ranges": {
            "0-5000": 15,
            "5001-10000": 50,
            "10001-15000": 25,
            "15001+": 10
          },
          "median": 9000
        },
        "employmentTiming": {
          "preGraduation": 20,
          "within6Months": 50,
          "6To12Months": 20,
          "after12Months": 10
        },
        "employmentTimeline": {
          "averageTime": 90,
          "quickEmploymentRate": 70
        }
      }
    },
    "educationLevels": {
      "Bachelor's": {
        "metrics": {
          "employmentRate": 75,
          "averageSalary": 8000,
          "timeToEmployment": 120
        },
        "topMajors": {
          "popular": {
            "business administration": 500,
            "mechanical engineering": 400,
            "computer science": 300
          },
          "employable": {
            "nursing": 95,
            "pharmacy": 92,
            "dentistry": 90
          },
          "highestPaying": {
            "petroleum engineering": 14000,
            "software engineering": 13000,
            "financial engineering": 12000
          }
        },
        "genderDistribution": {
          "male": 52,
          "female": 48
        },
        "salaryDistribution": {
          "ranges": {
            "0-5000": 20,
            "5001-10000": 50,
            "10001-15000": 20,
            "15001+": 10
          },
          "median": 8000
        },
        "employmentTiming": {
          "preGraduation": 15,
          "within6Months": 45,
          "6To12Months": 30,
          "after12Months": 10
        }
      }
    }
  }
}
